{"cameraMode":{"drawMode":0,"name":"Shaded","section":"Shading Mode"},"sceneLighting":true,"audioPlay":false,"sceneViewState":{"showFog":true,"showMaterialUpdate":false,"showSkybox":true,"showFlares":true,"showImageEffects":true,"showParticleSystems":true},"in2DMode":false,"pivot":{"x":1.0368950366973878,"y":1.3690444231033326,"z":-1.8168667554855347},"rotation":{"x":0.012889168225228787,"y":-0.5115026235580444,"z":0.0076737795025110249,"w":0.859150767326355},"size":3.8705546855926515,"orthographic":false}